{   
    "seed" : 42,
    "number_of_classes" : 84,
    "history_length" : 10,
    

    "dimensions" : 3,
    "real_z" : false,
    "max_num_hands" : 1,
    "min_detection_confidence" : 0.70,
    "min_tracking_confidence" : 0.70,
    "min_handedness_confidence" : 0.70,
    

    "augmentation" : [],
    "prob_augmentation" : [],
    

    "labels_to_skip" : [0, 1, 2, 3, 4, 5, 6, 7, 8, 9, 10, 11, 12, 13, 14, 15, 16, 17, 18, 19, 20, 21, 22, 23, 24, 29, 30, 31, 32, 33, 
                        34, 35, 36, 37, 38, 39, 40, 41, 42, 43, 44, 45, 46, 47, 48, 49, 50, 51, 52, 53, 54, 55, 56, 57, 58, 59, 60, 
                        61, 62, 63, 64, 65, 66, 67, 68, 69, 70, 71, 72, 73, 74, 75, 76, 77, 78, 79, 80, 81, 82, 83],

    
    "dataset" : "synthetic",
    "qualcomm" : false, 
    "balancing" : false,
    "temporal_normalization" : false,


    "experiment_name" : "experiment_0",
    "learning_rate" : 0.00005,
    "batch_size" : 128,
    "epochs" : 2000,
    "optimizer" : "rmsprop",


    "class_weights" : false,
    "upsampling" : false,
    "downsampling" : false,
    "shuffle" : true,


    "early_stopping_patience" : 3,
    "reduce_lr_patience" : 1,
    

    "layers_type" : "lstm",


    "n_units_first_layer" : 16,
    "n_units_second_layer" : 16,
    "first_dropout" : 0.50,
    "second_dropout" : 0.50,
    

    "distillation" : true,
    "alpha" : 0.30,
    "n_units_first_layer_distillation" : 24,
    "n_units_second_layer_distillation" : 24,
    "first_dropout_distillation" : 0.40,
    "second_dropout_distillation" : 0.40,


    "pruning" : true,
    "epochs_to_finish_pruning" : 40,
    "final_sparsity" : 0.50, 


    "min_gesture_confidence" : 0.93,
    "number_of_gesture_detections" : 15
}